	tweet_created_at	tweet_text	tweet_user_screen_name
0	2017-05-08 19:23:48	"Chamath Palihapitiya says $IBM Watson ""is a joke"" on CNBC"	ForexLive
1	2017-05-08 19:25:06	. @chamath just said IBM's Watson is a joke.  üòÇüòÇüòÇüòÇ	macburgh
2	2017-05-08 19:26:56	Chamath Palihapitiya tells Kelly Evans on @CNBCClosingBell that #IBM's Watson is a joke #sohn2017 $ibm	DonnaBurton
3	2017-05-08 19:30:49	RT CNBCClosingBell: Chamath Palihapitiya: IBM's Watson is a joke. $IBM #Sohn2017	EmpComLLC
4	2017-05-08 19:36:46	@chamath Good CNBC interview.  One thing. The name Watson is from IBM's first CEO, not from Sherlock Holmes.	dashofinsight
5	2017-05-08 19:31:16	"+ ""Watson is a pretty amazing invention."" - #Buffett on @SquawkCNBC  + ""Watson is a joke."" - @chamath just now  $IBM"	Courtenay_Brown
6	2017-05-08 19:43:39	"Chamath Palihapitiya says $IBM Watson ""is a joke"" on CNBC via ForexLive"	TradingintheZen
7	2017-05-08 19:50:07	@socialcapital  Hey Chamath! Ur a DUMBSHIT, eh? IBM's Watson is named after Tom Watson IBM's founder. You made a FOOL of urself nationally!	nickmaier03
8	2017-05-08 20:29:29	Ouch.  Palihapitiya: IBM's Watson is a joke https://t.co/GFP1Dgl9Pb	NickDunnCNBC
9	2017-05-08 20:44:15	megtirrell: .chamath: IBM Watson is a joke https://t.co/ONOcfb7orS	TradeWithSuper
10	2017-05-08 19:24:31	@chamath @benchmark @socialcapital Loved everything you said but Watson named after the original CEO of IBM	bev_mc
11	2017-05-08 19:28:05	Chamath Palihapitiya: IBM's Watson is a joke. $IBM #Sohn2017	CNBCClosingBell
12	2017-05-08 20:39:52	üî•chamath: IBM is not innovating cnbc: what about watson? chamath: laughter cnbc: ?? chamath: watson is... a joke. üî• https://t.co/EcgmEMiT21	eringriffith
13	2017-05-08 19:22:49	$IBM  Palihapitiya: Watson is a joke	lilnickysmith
14	2017-05-08 19:25:39	@chamath @CNBC Watson is named IBM CEO Thomas Watson, not Sherlock Holmes. Get a clue.	StanTheMan0000
15	2017-05-08 20:38:41	Palihapitiya: IBM's Watson is a joke https://t.co/ZuPty0SRGl https://t.co/EnimiD11hu	CNBCTradersFan
16	2017-05-08 19:23:41	"""(IBM's) Watson is a joke."" -@chamath on CNBC. üòÇ"	hoon
17	2017-05-08 19:47:43	#socialcapital Hey Chamath! Ur a dumbshit, eh? IBM's Watson is named after Tom Watson IBM's founder. You made a FOOL of urself nationally!!	nickmaier03
18	2017-05-08 19:26:59	.@chamath on @CNBC: 'We love the convertible bonds' of $TSLA; compares @elonmusk to Thomas Edison. On $IBM? 'Watson‚Ä¶ https://t.co/PBwZsXEPuy	CNBCJosh
19	2017-05-08 19:28:04	@chamath IBM's Watson much smarter thn Alexa AWS y/y is a ski slope dwn whle Azure grws triple Have u red amzn's balance sheet? Its amusing	JessieLivermore
20	2017-05-08 20:43:55	.@chamath: IBM Watson is a joke https://t.co/hjLeV8U8PC	megtirrell
21	2017-05-08 19:32:20	"RT CNBC ""RT CNBCClosingBell: Chamath Palihapitiya: IBM's Watson is a joke. $IBM #Sohn2017"""	1111Tony
22	2017-05-08 20:19:42	Say What? Chamath Palihapitiya says IBM's Watson is a joke.  Finally someone said it! https://t.co/Y0NKUWIWrp #IBM #Watson	ckotsakis
23	2017-05-08 20:45:54	IBM's Watson 'is a joke,' says Social Capital CEO Palihapitiya https://t.co/bs3OUwrJpS	CNBC
24	2017-05-08 20:47:33	"RT CNBC ""Palihapitiya: IBM's Watson is a joke #Sohn2017 https://t.co/VzsxqZuWLh"""	1111Tony
25	2017-05-08 20:49:59	Palihapitiya: IBMs Watson is a joke $IBM https://t.co/S6DviHMrfm https://t.co/ggAmBU6gTj https://t.co/4ayoT0MOV3	wlstcom
26	2017-05-08 20:55:18	"#CNBC ""IBM's Watson 'is a joke,' says Social Capital CEO Palihapitiya"" https://t.co/V6EYoqPJjX"	nakhon224
27	2017-05-08 21:20:01	IBM's Watson 'is a joke,' says Social Capital CEO Palihapitiya - CNBC https://t.co/FCCnzg2GHC	pauldawalibi
28	2017-05-08 21:27:45	interesting comment from Social Capital CEO about #IBMWatson. üòÄ https://t.co/w9RsrFTzK5	fanichet
29	2017-05-08 21:54:15	‚≠êÔ∏è #Business ‚Ä¢ IBM's Watson 'is a joke,' says Social Capital CEO Palihapitiya: Social Capital CEO Chamath‚Ä¶‚Ä¶ https://t.co/8RyGJQGPmr	Tlemcen_City
30	2017-05-08 21:22:14	"Social Capital CEO Palihapitiya put IBM's on blast ""Watson 'is a joke!"" #ifyoucantsaysomethingnice #AI cc @B0RN_AI  https://t.co/Poar34q7wI"	nicholi57
31	2017-05-08 21:49:55	"What's this mean for #DigitalHealth? @chamath to @nataliawwojcik ""IBM's Watson 'is a joke'"" not at forefront of #AI‚Ä¶ https://t.co/Wv8gDw9nbS"	Paul_Sonnier
32	2017-05-08 21:52:10	Interesting perspective: IBM's Watson 'is a joke,' says Social Capital CEO Palihapitiya https://t.co/ct7xxvrUpz	cmatsyk
33	2017-05-08 20:50:59	IBM's Watson 'is a joke,' says Palihapitiya $IBM #Sohn2017 https://t.co/L7UiYVip8U	NataliaWWojcik
34	2017-05-08 20:47:29	New post: IBM's Watson 'is a joke,' says Social Capital CEO Palihapitiya https://t.co/PtmBPbBxQH	KronkStock101
35	2017-05-08 21:18:51	IBM's Watson 'is a joke,' says Social Capital CEO Palihapitiya - CNBC.  Eddie  https://t.co/8bJtZAeQsw	DellanEddie
36	2017-05-08 21:01:05	CNBC Top News: IBM's Watson 'is a joke,' says Social Capital CEO Palihapitiya #CNBC #TopNews https://t.co/2CDj4Ad8cR	_Reality_Check_
37	2017-05-08 21:33:58	"Good... they are realizing... Tesla is the way.... ""IBM's Watson 'is a joke,' says Social Capital CEO Palihapitiya"" https://t.co/9HIM0Qpuzo"	patricioAI
38	2017-05-08 21:15:14	IBM‚Äôs Watson ‚Äòis a joke,‚Äô says Social Capital CEO¬†Palihapitiya https://t.co/nKa5gJ7Yv2 https://t.co/aZCUmjAunt	ByteFunding
39	2017-05-08 22:02:46	IBM's Watson 'is a joke,' says Social Capital CEO Palihapitiya - https://t.co/LM6B4f74Px	SteveMillerPA
40	2017-05-08 20:47:34	"RT CNBC ""IBM's Watson 'is a joke,' says Social Capital CEO Palihapitiya https://t.co/jjmK1Rb8tn"""	1111Tony
41	2017-05-08 20:53:03	$IBM $ORCL $TSLA $AMZN:  IBM‚Äôs Watson ‚Äòis a joke,‚Äô says Social Capital CEO Palihapitiya:  https://t.co/Ah16EGUlwz	ProTradersNews
42	2017-05-08 21:01:35	IBM's Watson 'is a joke,' says Social Capital CEO Palihapitiya #Facebook #android #app go to https://t.co/NrXa2OIzfS	andrebuklaw
43	2017-05-08 21:15:45	Yikes!!!   IBM's Watson 'is a joke,' says Social Capital CEO Palihapitiya https://t.co/N9qWCzm7iB	LindaPullano
44	2017-05-08 21:15:59	"@chamath Thought IBM Watson was named after first IBM CEO Thomas Watson, ""not after a Sherlock Holmes character."" https://t.co/ZFFwLnSWq4"	TedatACA
45	2017-05-08 21:20:18	Give credit for awesome marketing though- IBM's Watson 'is a joke,' says Social Capital CEO Palihapitiya - CNBC #AI  https://t.co/NFYQZqdAnn	josephfdonahue
46	2017-05-08 21:39:10	IBM's Watson 'is a joke,' says Social Capital CEO Palihapitiya &lt;Wow! Disagree. It has challenges, not a joke! #AI https://t.co/G9didTdeFG	tcrawford
47	2017-05-08 21:53:09	IBM's Watson 'is a joke,' says Social Capital CEO Palihapitiya - CNBC. üòÇüïµüèΩ@watsonanalytics  what say you? https://t.co/7KarG4bL29	ProcessISInc
48	2017-05-08 21:10:17	@chamath NC on your opinion of IBM Watson, but it's named after Thomas Watson, @IBM founder, not Sherlock's Watson.	splodie
49	2017-05-08 21:36:00	IBM's Watson 'is a joke,' says Social Capital CEO Palihapitiya https://t.co/6aB2QptWMA via @CNBC #AI https://t.co/e9qeyBJfuI	BizBuzzAmerica
50	2017-05-08 21:47:39	IBM's Watson 'is a joke,' says Social Capital CEO Palihapitiya: IBM's Watson 'is a joke,' says Social Capital‚Ä¶ https://t.co/us1W2J0KWZ [fav]	overleo
51	2017-05-08 21:03:55	IBM's Watson 'is a joke,' says Social Capital CEO Palihapitiya https://t.co/SRhEGJhch6 via @josephjett https://t.co/N4RGzZXYvX	KatNikulainen
52	2017-05-08 21:58:06	FYI @chamath Thomas J. Watson Sr. was Chairman and CEO of IBM 1914-1956. No known connection to Sherlock Holmes. #ibm #watson	tomzazueta
53	2017-05-08 22:02:27	@NataliaWWojcik Palihapitiya is so clueless he does not know Watson is named after IBM's founder. A good reporter m‚Ä¶ https://t.co/cH8ju0K4w6	dcg1114
54	2017-05-08 21:21:11	Palihapitiya: IBM's Watson is a joke!  #digitalhealth https://t.co/F59OAh1VLr	JohnNosta
55	2017-05-08 22:05:06	Wow, bringing the heat! - IBM's Watson 'is a joke,' says Social Capital CEO Palihapitiya - CNBC https://t.co/fALFiurSCs	TGorup
56	2017-05-08 22:27:37	IBMs Watson is a joke, says Social Capital CEO Palihapitiya #Technology #JeffBezos $AMZN https://t.co/c5TTH1kPxk https://t.co/nUdDEFXvNQ	wlstcom
57	2017-05-08 22:48:54	IBM's Watson 'is a joke,' says Social Capital CEO Palihapitiya.. https://t.co/Yaaza8aJdG	NewsBossIndia
58	2017-05-08 23:20:22	üòÇ now i know why many of those who invested in #Watson are smiling üòÇ  https://t.co/z9WTVqfOk1 @NataliaWWojcik @chamath .@IBM	Ravi_Bansal5
59	2017-05-08 22:27:55	Boom!!! IBM's Watson 'is a joke,' says Social Capital CEO Palihapitiya https://t.co/BABebGH1CS	EricManlunas
60	2017-05-08 22:27:35	$AMZN IBM's Watson 'is a joke,' says Social Capital CEO Palihapitiya https://t.co/TA9SHFGxDz	finzine
61	2017-05-08 22:48:59	Palihapitiya: IBM's Watson is a joke.. https://t.co/v7DxlDl4x2	NewsBossIndia
62	2017-05-08 23:14:52	ouch. good thing AIs don‚Äôt have feelings üòÖ  IBM‚Äôs Watson ‚Äòis a joke,‚Äô says Social Capital CEO Palihapitiya https://t.co/swGr2PzNOk	c4chaos
63	2017-05-08 23:29:52	Thoughts? IBM's Watson 'is a joke,' says Social Capital CEO Palihapitiya https://t.co/lFnlyagnyB	krisjonescom
64	2017-05-08 23:23:34	IBM's Watson 'is a joke,' says Social Capital CEO Palihapitiya. https://t.co/HVuZGLfSFj	AndrewOHazard
65	2017-05-08 22:27:51	IBM's Watson 'is a joke,' says Social Capital CEO Palihapitiya - CNBC $IBM https://t.co/SuIhPBSEKh	Lizardjb3
66	2017-05-09 00:09:01	@chamath while I agree with your views on $TSLA, $IBM, $ORCL, minor correction, Watson named after IBM CEO and not Sherlock characterüôè	kalpeshkapadia
67	2017-05-09 00:36:55	He is a joke... IBM's Watson 'is a joke,' says Social Capital CEO Palihapitiya https://t.co/BPgZcex4y6 https://t.co/BPgZcex4y6	Mojie007
68	2017-05-09 01:11:08	IBM's Watson 'is a joke,' says @socialcapital CEO @chamath https://t.co/oFuLTsDpHF by @nataliawwojcik @CNBC	SiliconFunny
69	2017-05-09 00:06:39	#IBM's #Watson 'is a joke,' says Social Capital #CEO #ChamathPalihapitiya https://t.co/sl5pq20i15	DigitalMirko
70	2017-05-09 00:14:28	.@chamath @Google @amazon @IBM I think that's by far the harshest @IBMWatson burn that I've heard so far...	DB_Sweeney
71	2017-05-09 00:16:14	Hacker News - IBM's Watson 'is a Joke,' Says Social Capital CEO Palihapitiya https://t.co/yADnecU1nl	SecNewsBot
72	2017-05-08 23:54:19	IBM's Watson 'is a Joke,' Says Social Capital CEO Palihapitiya https://t.co/k5db0e8akm	ryf_feed
73	2017-05-09 01:09:06	IBM's Watson 'is a joke,' says Social Capital CEO Palihapitiya KentBrockman #news @8chnewsplus https://t.co/rgHNBNflwB	8chnewsplus
74	2017-05-09 00:20:00	Palihapitiya: IBM's Watson is a joke https://t.co/nlRBkES3l5 via @CNBC	JohndMeyer
75	2017-05-09 00:33:34	New post: IBM‚Äôs Watson ‚Äòis a joke,‚Äô says Social Capital CEO Palihapitiya https://t.co/eGqhzhUZb3 #Business #	nanitoday
76	2017-05-09 01:29:18	Healthcare thinks highly of IBM Watson but a big VC disagree https://t.co/4OTWImn8Kk @chamath @GinniRometty @IBMWatson #hcldr #healthcare	ZibdyHealth
77	2017-05-09 01:30:00	Hedge fund manager @chamath calls @elonmusk  'our generation's Thomas Edison' and IBM watson a joke! https://t.co/EZ54loI76H	vipulrawal
78	2017-05-09 01:19:25	Palihapitiya: IBM's Watson is a joke https://t.co/i4WDjPkTVi @dgreller @rdockmiller @chrispatrickmke	vscarpenter
79	2017-05-09 01:10:08	@chamath shows his ignorance about @IBMWatson with his comments in the video. Has stake in @amazon   Hmmmmm? https://t.co/T3gPKiSh8E	joreag
80	2017-05-09 01:28:55	IBM's Watson 'is a joke,' says Social Capital CEO Palihapitiya https://t.co/WI3KoBv3Sy &lt; actually, @chamath is a joke	evankirstel
81	2017-05-09 00:42:31	"New post: ""IBM's Watson 'is a joke,' says Social Capital CEO Palihapitiya"" https://t.co/usJZOVVVnV"	marketstocknews
82	2017-05-09 01:34:54	An interesting commentary.....IBM's Watson 'is a joke,' says Social Capital CEO Palihapitiya https://t.co/aFn2enohZI	throwinganet
83	2017-05-09 02:03:19	Hmm &gt;&gt; IBM's Watson 'is a joke,' says Social Capital CEO Palihapitiya https://t.co/eK9vu4tBUI  #ai #ibm	johnkoetsier
84	2017-05-09 02:05:13	Chamath is very good at employing shock value, headline grabbing comments at conferences. Wonder if he's short IBM?ü§î https://t.co/6hPWqm178l	HannahOmid
85	2017-05-09 01:53:36	RT @AnthonyWanger: No Punches Pulled: IBM's Watson 'is a joke,' says Social Capital CEO Palihapitiya https://t.co/h92BB3ng7V #AI #machinele‚Ä¶	b4028465
86	2017-05-09 02:24:39	RT @bijans: IBM's Watson 'is a joke,' says Social Capital CEO Palihapitiya https://t.co/JeDqr6coIU	b4028465
87	2017-05-09 02:31:43	#IBM's #Watson 'is a joke,' says @SocialCapital CEO  #SherlockHolmes @chamath https://t.co/15vfLqpWWN via @cnbc #ai #cognitive #skeptical	CraigMilroy
88	2017-05-09 03:28:38	@chamath #IBN @IBMWatson	pdanielcabral
89	2017-05-09 01:42:09	evankirstel: IBM's Watson 'is a joke,' says Social Capital CEO Palihapitiya https://t.co/QY6H55oyCI &lt; actually, chamath is a joke	AfricaAutomate
90	2017-05-09 02:01:25	Palihapitiya: IBMs Watson is a joke $ibm $crm https://t.co/S6DviHMrfm https://t.co/mas5mtylUf https://t.co/617iRACtHL	wlstcom
91	2017-05-09 02:23:23	IBM's Watson 'is a joke,' says Social Capital CEO Palihapitiya https://t.co/EUnhrGfTPW  Just saw a commercial about @IBMWatson   Impressive?	NicholasPotts_
92	2017-05-09 02:37:04	I wonder what Fred Jelinek would have to say on this. IBM's Watson 'is a joke,' says Social Capital CEO Palihapitiya https://t.co/4h0fDv8Xeb	alacunha
93	2017-05-09 02:26:15	Palihapitiya: #IBM's #Watson is a #joke -- #AI https://t.co/w4ycRyvLkz	drexdeford
94	2017-05-09 03:23:12	@chamath Sir. I dont like what you said about @IBMWatson. Anyhoo..Im obsessed and think they are @ the forefront of‚Ä¶ https://t.co/7m3HG2MXNe	theajayieffect
95	2017-05-09 02:01:20	.@chamath sums up $ibm Watson perception problem. $crm merger w @Benioff as CEO instantly changes perception? https://t.co/We9LrtsNmU	echotoall
96	2017-05-09 03:36:03	Looking at AI? IBM's Watson 'is a Joke,' Says Social Capital CEO Palihapitiya https://t.co/uSajoOnuXx https://t.co/vw0AiTLKh8	peytonmcnully
97	2017-05-09 02:57:13	hahaha: IBM's Watson 'is a joke,' says Social Capital CEO Palihapitiya https://t.co/9LRATxinlN	ThoughtKast
98	2017-05-09 01:52:45	No Punches Pulled: IBM's Watson 'is a joke,' says Social Capital CEO Palihapitiya https://t.co/Y5NOVEH23Q #AI #machinelearning #investing	AnthonyWanger
99	2017-05-09 04:53:29	- IBM's Watson 'is a joke,' says Social Capital CEO Palihapitiya https://t.co/pmHZT6y8ju #Business in #Colorado $IBM #Tech	SchwartzNow
100	2017-05-09 05:32:12	He bite the hand. Get out all remote Indy workers: @IBM 's Watson 'is a joke,' says Social Capital CEO Palihapitiya https://t.co/0Q1whRufgN	6AEEB6A0
101	2017-05-09 03:59:11	IBM's Watson 'is a joke,' says Social Capital CEO Palihapitiya https://t.co/Eh3lFPquqU via @cnbctech	CNBC
102	2017-05-09 04:19:26	IBM's Watson 'is a joke,' says Social Capital CEO Palihapitiya https://t.co/sjUBoTRayj great to see a Lankan making highlights #LKA	yasasw
103	2017-05-09 04:01:48	IBM's Watson 'is a joke,' says Social Capital CEO Palihapitiya https://t.co/JV5VzdwgSS via cnbctech	Behzadon
104	2017-05-09 05:19:29	RT @eringriffith: üî•chamath: IBM is not innovating cnbc: what about watson? chamath: laughter cnbc: ?? chamath: watson is... a joke. üî• htt	b4028465
105	2017-05-09 05:33:20	IBM's Watson 'is a joke,' says Social Capital CEO Palihapitiya   https://t.co/bKw8A6u0ln #fintech @nataliawwojcik‚Ä¶ https://t.co/WQuquHoiDT	SpirosMargaris
106	2017-05-09 05:32:13	Scathing here ... Chamath Palihapitiya says IBM Watson 'is a joke' https://t.co/VLuiehAf5a	ArjunKharpal
107	2017-05-09 04:35:46	IBM's Watson 'is a joke,' says Social Capital CEO Palihapitiya - CNBC https://t.co/DA8HEYsViY via thanks @trengriffin	walpolet
108	2017-05-09 04:07:06	"RT CNBC ""IBM's Watson 'is a joke,' says Social Capital CEO Palihapitiya https://t.co/ozXr7DL5eT via cnbctech"""	1111Tony
109	2017-05-09 04:30:10	IBM's Watson 'is a joke,' says Social Capital CEO Palihapitiya https://t.co/7W9gfetRt6 #News via @IBNMoney_com #USA	JohnReedz
110	2017-05-09 04:35:11	Social Capital‚Äôs Chamath Palihapitiya isn‚Äôt a fan of IBM‚Äôs #Watson. Strong comments.  https://t.co/Q56YI9puOx #AI	tuomaseerola
111	2017-05-09 05:18:08	IBM's Watson 'is a joke,' says Social Capital CEO Palihapitiya.  IBM's Watson computing system. Palihapitiya:... https://t.co/vvc4FE05TR	synergy_london
112	2017-05-09 05:00:58	Palihapitiya IBM's Watson is a joke: https://t.co/jb6SntqIeG via @YouTube	TKarachchi
113	2017-05-09 05:07:34	@IBM's #Watson 'is a joke,' says @chamath ,Social Capital CEO Palihapitiya https://t.co/nMP94HFQWv	nitinmathur
114	2017-05-09 05:49:46	Then let Palihapitiya make another Oracle,IBM or a Microsoft. Looks like he needs more pie from Tesla &amp; Amazon. https://t.co/k5IcN7SCfG	georgevargh
115	2017-05-09 05:49:03	Is AI a complete joke?  Haave we been oversold on it's potential?  https://t.co/DsLwDJKWrY Palihapitiya: IBM's Watson is a joke	BothSquared
116	2017-05-09 08:04:13	#AI: IBM's Watson 'is a joke,' says Social Capital CEO Palihapi... #ArtificialIntelligence https://t.co/X09wwdnTT1 https://t.co/Fl38ZDnJgM	marcpicaud
117	2017-05-09 07:57:12	Don't hold back! IBM's Watson 'is a joke,' says Social Capital CEO Palihapitiya https://t.co/FpGAAhMVcK #AI	drlynnphd
118	2017-05-09 09:02:07	IBM's Watson 'is a joke,' says Social Capital CEO @chamath Palihapitiya https://t.co/5ATpbHpfvk	ediggs
119	2017-05-09 09:21:22	#IBMWatson is a #joke - @SocialCapital #CEO @Chamath https://t.co/vqO91RXELS #Sohn2017 #AI #SohnConference‚Ä¶ https://t.co/jU6EpZGPYD	rajeevgm
120	2017-05-09 10:22:25	IBM's Watson 'is a joke,' says Social Capital CEO Palihapitiya - https://t.co/Tj3t703G5E via https://t.co/En4W8w4QHZ	vanja180700
121	2017-05-09 10:37:56	"'Watson is a joke,"" @chamath ""IBM is excellent using marketing to convince people w less knowledge to pay"" https://t.co/ZBUFykdQIQ"	gudjon
122	2017-05-09 09:49:27	No laughing matter. IBM's Watson 'is a joke,' says Social Capital CEO Palihapitiya https://t.co/ZgshqIYjBE	gatgman
123	2017-05-09 10:52:05	Ouch! IBM's Watson 'is a joke,' says Social Capital CEO Palihapitiya https://t.co/lNUUpJrV2W	mikelacare
124	2017-05-09 11:12:32	@IBM's #Watson 'is a joke,' says @chamath  https://t.co/M0ed69HHWG	veevenk
125	2017-05-09 12:11:03	Wow! IBM's Watson 'is a joke,' says Social Capital CEO Palihapitiya https://t.co/SO2pPVveEO https://t.co/SO2pPVveEO	markaeveritt
126	2017-05-09 11:46:50	IBM's Watson 'is a joke,' Social Capital Palihapitiya https://t.co/e4OLAu4kmn  betting on $AMZN is a better choice for #AI #automation	blogsofstuff
127	2017-05-09 11:33:55	@chamath calls @IBMWatson a joke. #AI unraveling? https://t.co/czVDmfVHC1	ABHISHEKXSINGH
128	2017-05-09 12:32:54	@chamath quit embarrassing yourself with your phony claims re IBM Watson.	BobboGo78
129	2017-05-09 12:31:14	@chamath @andrewrsorkin @MelissaLeeCNBC $IBM is a bloated, no-growth, bureaucratic company trying to hide this all with the facade of Watson	OracleofWallSt
130	2017-05-09 13:04:25	.@chamath just killing Oracle and IBM yesterday. Refreshing. https://t.co/2CtjqR5vYi	samwdii
131	2017-05-09 12:22:57	#Innovate: Palihapitiya: IBM's Watson is a joke https://t.co/Dck3tOpJou, see more https://t.co/FrPQlfbyvj	innowatcher
132	2017-05-09 13:00:32	@sallyshin @RiskReversal @chamath Soooooo with all that said, How is @chamath figuring #IBMWatson is a Joke?!? Maybe I'm confused..??	HoodSavior
133	2017-05-09 13:00:33	RT: @HoodSavior-@sallyshin @RiskReversal @chamath Soooooo with all that said, How is @chamath figuring #IBMWatson is a Joke?!? Maybe I'm c	MartinaJnkrs
134	2017-05-09 12:13:24	@andrewmaxr This guy kind of sounds stupid. #notthatwatson IBM's Watson 'is a joke,':Social Capital CEO Palihapitiya https://t.co/LzdB6YFF4b	JeffWilson913
135	2017-05-09 12:56:15	"Shots fired üî´üî´. ""@IBMWatson is a joke"" -@chamath https://t.co/eZptBnRKuO"	idealexit
136	2017-05-09 12:24:17	@chamath don't think Echo can do this. Alexa is a joke IBM 's Watson is so far ahead https://t.co/r1cAMsXRyA	JessieLivermore
137	2017-05-09 12:54:00	Watson and 911 I guess &gt;&gt; IBM's Watson 'is a joke,' says Social Capital CEO Palihapitiya https://t.co/W1c9pICnYA https://t.co/PBogztdr75	adamhonig
138	2017-05-09 12:25:04	"IBM responds to @chamath's comments referencing Watson as ""a joke"".   https://t.co/Gs0p1Xkg7g https://t.co/hUHgrADJ7q"	sallyshin
139	2017-05-09 12:29:31	@chamath @SquawkCNBC so so so glad to hear re: @IBM. Watson team told us they cud not do what I wanted re: emotion.	DeniseKShull
140	2017-05-09 12:42:34	"""@Chamath Palihapitiya: @IBMWatson is a joke https://t.co/t9FaMI7L0q  Ouch!"	invinciblesaad
141	2017-05-09 12:41:43	""" @Chamath Palihapitiya: @IBMWatson is a joke https://t.co/t9FaMI7L0q  Ouch!"	invinciblesaad
142	2017-05-09 13:19:48	IBM's Watson 'is a joke,' says Social Capital CEO Palihapitiya - IBM IS THE REAL JOKE, NOT JUST WATSON!!!	BlackBlows1
143	2017-05-09 13:30:48	"Ouch IBM! @chamath says it like he sees it. ""Watson is a joke"" https://t.co/EqgLaDLNtv"	SuB8u
144	2017-05-09 13:54:10	oooooh geek fight! IBM's Watson 'is a joke,' says Social Capital CEO Palihapitiya [and IBM responds] https://t.co/DmtKVo4olB	rampurple
145	2017-05-09 14:18:05	I wouldn't call this a joke @chamath IBM's Watson supercomputer is bringing AI-fueled cancer care to Americans https://t.co/MbZWjpfAUg	clairejobe
146	2017-05-09 13:41:14	.@chamath calls Watson a joke, says data is key to AI. Yet IBM has more healthcare data than $GOOG, $FB, $AMZN combined.	jwan584
147	2017-05-09 14:06:54	"Chamath Palihapitiya  slams IBM for its  #AI  #Watson as a ""joke designed to convince people who have asymmetrically‚Ä¶https://t.co/wmSWGgDk4B"	hicham_aoubid
148	2017-05-09 14:13:27	#ArtificialIntelligence #AI No joke, I'd like to see my firm go head-to-head with IBM on A.I.: Palihapitiya https://t.co/JGIQiiPgDp	b4028465
149	2017-05-09 14:27:25	Fav clip of the day üî•  Palihapitiya: IBM's Watson is a joke https://t.co/WvnGv9WRyl via @cnbc	jrichlive
150	2017-05-09 13:53:05	IBM's Watson 'is a joke,' says Social Capital CEO Palihapitiya FYI @gregorydgirard  https://t.co/tx4OUn15GN	davehochman
151	2017-05-09 14:00:14	#DataAnalytics : IBM's Watson 'is a joke,' says Social Capital CEO Palihapitiy. https://t.co/I8B0gK1Prt	skirchacker
152	2017-05-09 14:26:56	@Chamath Palihapitiya will never build a company like Thomas J. Watson, the first CEO of IBM, because‚Ä¶ https://t.co/ytHdsdIA6e	PatFrank15
153	2017-05-09 14:53:58	"@Chamath play the clip.  ""Game changer"" @IBMWatson @IBMSecurity @IBMFacts Not a joke! https://t.co/RUiXHEdksP"	PatFrank15
154	2017-05-09 15:27:16	Interesting perspective. @IBM Watson 'is a joke,' says Social Capital CEO | @cnbc https://t.co/obpeEjDbXG	MDecoder1
155	2017-05-09 14:40:26	IBM's Watson 'is a joke,' says Social Capital CEO Palihapitiya.  https://t.co/aWKiADblyd Wow, that was hard to hear.	Dayachong
156	2017-05-09 14:50:39	WoW: IBM's Watson 'is a joke,' says Social Capital CEO Palihapitiya https://t.co/IyhZpAWu5j	sgr0ver
157	2017-05-09 15:15:07	IBM's Watson 'is a joke,'says Social Capital CEO Palihapitiya https://t.co/420asAPiJE #artificialinteligence #AI #Watson #Google #Amazon #F8	hichintan
158	2017-05-09 15:31:37	#IBM #'s Watson 'is a joke,' says Social Capital CEO Palihapitiya. Read more: https://t.co/4ZBrftWNCu $IBM	_it_services
159	2017-05-09 15:26:01	@chamath is right ... Watson is a joke. $IBM	biggercapital
160	2017-05-09 15:01:45	What has @chamath discovered? @IBMWatson discovers how our bodies work @IBMFacts https://t.co/hAEDOACGBw	PatFrank15
161	2017-05-09 15:27:20	*Yea. It is- IBM's Watson 'is a joke,' says Social Capital CEO Palihapitiya https://t.co/amTzOpylkf	Daemon_Blak
162	2017-05-09 15:57:24	Bunch of IBM corporate accounts pushing back against @chamath‚Äôs ‚ÄúWatson is a joke‚Äù line yesterday. Oh, thirst...	BlairReeves
163	2017-05-09 15:41:30	@IBMWatson doing leadership work that even critics can't ignore, @chamath https://t.co/OZX6sLh0lj	ebarbini
164	2017-05-09 16:39:27	No joke, I'd like to see my firm go head-to-head with IBM on A.I., says venture capitalist Palihapitiya https://t.co/3McjhUJ76r #ai	gotbot
165	2017-05-09 17:17:59	"""IBM Watson is a joke"" says VC Social Capital's CEO https://t.co/1UAgtl0dtq"	nickmcquire
166	2017-05-09 17:06:15	IBM's Watson is a joke - @chamath  https://t.co/44M54aZXXG	mekalav
167	2017-05-09 16:35:18	"""IBM‚Äôs Watson ‚Äôis a joke,‚Äô says Social Capital CEO Palihapitiya - CNBC"" https://t.co/PAY8RqGVqL"	millennialinvst
168	2017-05-09 16:37:11	I love @chamath   Cutting through the massive @IBM  marketing machine mumbo jumbo    #AI https://t.co/ZzNUZ850jM	phelanrfp
169	2017-05-09 18:26:31	Social Capital CEO Palihapitiya https://t.co/HyYcMHtsgr totally underestimates IBM's Watson's new CEO @Davidwkenny.	lmholliday
170	2017-05-09 18:15:14	IBM's Watson 'is a Joke' Says Social Capital CEO Palihapitiya https://t.co/nFJ2C5oV4k	developerhcnews
171	2017-05-09 17:38:21	Amen to that. Palihapitiya: IBM's Watson is a joke https://t.co/pgSvHZkVSD	ainsleyoc
172	2017-05-09 18:25:21	Hacker News - IBM's Watson 'is a Joke' Says Social Capital CEO Palihapitiya https://t.co/yADnecU1nl	SecNewsBot
173	2017-05-09 18:43:59	IBM's #Watson 'is a joke,' says Social Capital CEO Palihapitiya https://t.co/DODLIyr8F7 $IBM	snathan360
174	2017-05-09 18:49:56	@CNBCClosingBell @chamath Everyone is entitled to their opinion but I disagree. #IBM #Watson	JekiaFord
175	2017-05-09 18:23:02	#IBM's #Watson is a joke, and #Oracle won't be 'winning' for long says  @chamath on an fire raining @CNBC interview‚Ä¶ https://t.co/H74atYVeO7	cameronmcnz
176	2017-05-09 18:48:21	@thinkmariya @chamath @IBMWatson Didn't realize finding 5 new genes linked to ALS in a span of months vs years was‚Ä¶ https://t.co/vWOqsfWIs0	_chelseaa_s
177	2017-05-09 17:46:36	"According to @chamath: ""@IBMWatson is a joke."" Curious about your thoughts. https://t.co/KAfEvQcdXW #AI #ML"	thinkmariya
178	2017-05-09 19:07:07	@CNBCJosh @chamath @CNBC @elonmusk Kind of hard to consider this a joke... @IBMWatson @IBMFacts @IBMNews #NoJoke https://t.co/wVPBD7QsSx	AlexSarife
179	2017-05-09 19:45:31	@chamath - @IBMWatson was named after #IBM's first CEO, industrialist Thomas J. Watson-get ALL the facts straight - #nojoke #FactoftheDay	CbassStorage
180	2017-05-09 19:03:18	@cameronmcnz @chamath @CNBC Kind of hard to consider this a joke... @IBMWatson @IBMFacts @IBMNews #NoJoke https://t.co/wVPBD7QsSx	AlexSarife
181	2017-05-09 19:01:08	@megtirrell @chamath Kind of hard to consider this a joke... @IBMWatson  @IBMFacts @IBMNews #NoJoke  https://t.co/wVPBD7QsSx	AlexSarife
182	2017-05-09 19:03:07	@thtranx @chamath Kind of hard to consider this a joke... @IBMWatson @IBMFacts @IBMNews #NoJoke https://t.co/wVPBD7QsSx	AlexSarife
183	2017-05-09 19:11:44	@AlexSarife @chamath @CNBC @IBMWatson @IBMFacts @IBMNews Well said.	cameronmcnz
184	2017-05-09 19:18:35	Joshua R. McIntyre: IBM's Watson 'is a joke,' says Social Capital CEO Palihapitiya #business #AI https://t.co/XGYDzu1JZ8¬† #Money ‚Ä¶	Tocacyy
185	2017-05-09 19:28:45	@thinkmariya @chamath @IBMWatson He has some good points, but loses credibility after claiming that Watson was name‚Ä¶ https://t.co/NsLnZqwfHg	ledell
186	2017-05-09 19:01:11	"""Watson was named after IBM's first CEO, industrialist Thomas J. Watson"" @chamath not after a literary character #NoJoke @IBMFacts"	ASCarman
187	2017-05-09 18:57:27	@IBMWatson is no joke!  @chamath Watson was named after Thomas J. Watson, not the Sherlock Holmes character.	jgnoonan
188	2017-05-09 19:18:14	IBM's Watson 'is a joke,' says Social Capital CEO Palihapitiya  https://t.co/x8JooMYPz9 @ngenest @jhamel	PatlePresDesPP
189	2017-05-09 20:29:32	IBM's Watson 'is a joke,' says Social Capital CEO Palihapitiya  Wow #imbecilealert https://t.co/jCDvV1DR45	codeslubber
190	2017-05-09 21:13:56	wow - uncharacteristically dim-witted: @chamath asserts @IBMWatson is a [multi billion dollar] joke https://t.co/von3OtieGd #lol #fail	hankejh
191	2017-05-09 21:34:31	YahooFinance: IBM's Watson 'is a joke,' says Social Capital CEO Palihapitiya https://t.co/61DGb3H5j2 https://t.co/0CBKQtrEB9	serge_poznanski
192	2017-05-09 21:34:15	#SMARTPipsHub Finance: IBM's Watson 'is a joke,' says Social Capital CEO Palihapitiya https://t.co/yCJtqSVdqc‚Ä¶ https://t.co/4zcBnBfosE	SMARTPipsHub
193	2017-05-09 22:44:56	@ledell @chamath @IBMWatson (2/2) ...to also being associated with more popular Sherlock figure. Multiple associations can strengthen brand.	thinkmariya
194	2017-05-09 21:34:35	YahooFinance: IBM's Watson 'is a joke,' says Social Capital CEO Palihapitiya https://t.co/ZUFGucL5kI ‚Ä¶ https://t.co/jhh3Gg1efE	bdnews24
195	2017-05-09 21:43:45	Odd that @socialcapital's @chamath badmouths @IBMWatsonHealth, an #AI fighting cancer. Bad Blood?  https://t.co/3u7zCccwEK #oncology	hyounpark
196	2017-05-09 21:37:22	#IBM's #Watson 'is a joke,' says Social Capital CEO #Palihapitiya -  https://t.co/l4KwZphaoC	jtte1
197	2017-05-09 22:15:01	IBM's Watson 'is a joke,' says Social Capital CEO https://t.co/ZbnqTqaAAA @NataliaWWojcik  (he doesn't pull any pun‚Ä¶ https://t.co/AVROAK7Re2	Frank_Strong
198	2017-05-09 22:43:33	@ledell @chamath @IBMWatson Good catch, but also common misconception that IBM doesn't often correct publically b/c there can be advantage	thinkmariya
199	2017-05-09 23:03:49	@thinkmariya @chamath @IBMWatson His argument is not convincing &amp; he should have said sth more thoughtful to make h‚Ä¶ https://t.co/7LcZnVKeA9	ledell
200	2017-05-10 00:14:40	IBM's Watson 'is a joke,' says Social Capital CEO Palihapitiya https://t.co/jbjCCOoEbK Via @headlineswiki.com	PollsHost
201	2017-05-09 23:01:21	@thinkmariya @chamath @IBMWatson Good point, I'm sure Watson benefits from co-association of the name.	ledell
202	2017-05-10 00:40:12	@IBMWatson: @chamath would you like to play a game of chess? https://t.co/18kdifXkZv	MichaelGokturk
203	2017-05-09 23:06:38	@chamath Watson is named after the founder of our company Thomas J Watson, maybe you've heard of him?  https://t.co/bFvL0hpl1t @@IBMFacts	dcross1317
204	2017-05-10 01:07:32	@IBMFacts @CNBCJosh @chamath @CNBC @elonmusk What a joke https://t.co/6zum6JLWdd with #cognitiveLOVE from @opentopic to @ibmwatson	AndreMKonig
205	2017-05-10 01:10:04	@RScapitalINC @GinniRometty @jimcramer Last afternoon @chamath called @IBMWatson a joke! Lack of leadership clearly seen at IBM	Abhi_Mogre
206	2017-05-10 01:20:49	@hankejh @chamath @IBMWatson What a joke https://t.co/6zum6JLWdd ‚Ä¶ with #cognitiveLOVE from @opentopic to @ibmwatson	AndreMKonig
207	2017-05-10 01:14:34	@megtirrell @chamath What a joke https://t.co/6zum6JLWdd with #cognitiveLOVE from @opentopic to @ibmwatson	AndreMKonig
208	2017-05-10 00:55:04	IBM's Watson 'is a joke,' says Social Capital CEO Palihapitiya https://t.co/F88AW20vd2 #datascience @thomaswdinsmore	ThomasSpeidel
209	2017-05-10 00:50:35	IBM's Watson 'is a joke,' says Social Capital CEO @Chamath https://t.co/o4a48w7xVd	akme_c
210	2017-05-10 01:15:12	@Abhi_Mogre @RScapitalINC @GinniRometty @jimcramer @chamath @IBMWatson https://t.co/6zum6JLWdd	AndreMKonig
211	2017-05-10 04:28:11	IBM's Watson 'is a joke,' says Social Capital CEO Palihapitiya https://t.co/O9dwfaFpRn  I may not agree with it...but Interesting comments!	joslinvk
212	2017-05-10 08:33:52	#IBM's Watson 'is a joke,' says #SocialCapital #CEO Palihapitiya... https://t.co/eT3h2JMx1s https://t.co/ReKEuIjerS	Funnylizer
213	2017-05-10 08:28:03	Wow @chamath savaged IBM and Oracle in 3 minutes of zany genius https://t.co/sLvCpxm5f5	Huk06
214	2017-05-10 09:45:02	#IBMWatson's a joke, &amp; Oracle won't be winning for long says a fire-breathing @chamath. @cameronmcnz's article here‚Ä¶ https://t.co/Ffn8YIn186	TSS_dotcom
215	2017-05-10 09:49:25	Is IBMWatson a joke as per @chamath https://t.co/L5ANMTCX8Y or a way to pay IBM while you lay off staff?‚Ä¶ https://t.co/3VKAMI1pJ1	mHealthInsight
216	2017-05-10 11:53:37	"""Palihapitiya: IBM's Watson is a joke"" @chamath #ai https://t.co/xJQpkPTv8B https://t.co/CnAf1gsXl9"	roundtrip
217	2017-05-10 12:33:49	@chamath: #IBM's #Watson is a joke https://t.co/b6hhzx1gdz #ArtificialIntelligence #AI #Robotics #MachineLearning	Mehdi_Na
218	2017-05-10 12:34:54	"üò± Q fuerte: ""IBM's Watson is a joke""...""I put them and Oracle in the same bucket"" dice el CEO de Social Capital CEO https://t.co/burMF3saxf"	vicentexe
219	2017-05-10 12:35:56	"üò±  Q fuerte: ""IBM's Watson is a joke""...""I put them and Oracle in the same bucket"" dice el CEO de Social Capital https://t.co/burMF3saxf"	vicentexe
220	2017-05-10 15:17:34	Another amazing discovery by @IBMWatson! #NoJoke @chamath #IBM #Watson #ALS https://t.co/w8Ey73afZw	MattRMorrison
221	2017-05-10 15:31:18	lost in @chamath overblown @IBMWatson #AI criticism were a couple good points on where AI is going.  being too loud can backfire &amp; did	moosechris
222	2017-05-10 15:33:33	.@chamath also needs to admit @IBMWatson is legitimizing #AI by educating consumers. Everyone else is benefiting from that. like PC in 80's	moosechris
223	2017-05-10 18:16:31	IBM's Watson 'is a joke,' says Social Capital CEO Palihapitiya https://t.co/sjC1JqgwPX lol who the hell are social capital.... #jokers	PetrostarsUK
224	2017-05-10 19:16:38	Sad to hear the #joke comment on @IBMWatson by @chamath from @socialcapital and then having to back track https://t.co/dTFHN1wc6M	atg_abhishek
225	2017-05-10 21:16:23	Ruthless-yet crisply articulated #data #AI #Enterprise #B2C @google @amazon @ibm @oracle Social Capital CEO @chamath https://t.co/IJ98qIHdnj	valb00
226	2017-05-10 21:38:45	IBM's Watson 'is a joke,' says Social Capital CEO Palihapitiya https://t.co/OZ01ACK8tm who knew?	rogerschank
227	2017-05-11 01:18:58	"Social Capital founder pretty bearish on IBM: ""IBM Watson is a joke""... Thoughts? @chamath #CNBC #IBMWatson #AI https://t.co/y5YBidBuVl"	mjia
228	2017-05-11 03:25:46	No joke, I'd like to see my firm (@socialcapital) go head-to-head with #IBM on #AI says @chamath  https://t.co/ARFiFQROHu via @cnbc	CraigMilroy
229	2017-05-11 15:00:18	Palihapitiya: IBM's Watson is a joke. https://t.co/7ZZKVkSGJu	ahmaurya
230	2017-05-11 17:06:59	#ShameOnChamath See what Watson is really doing  #IBM #Watson https://t.co/FAQZ9fk0rz	BLUEPedro44
231	2017-05-11 22:01:03	Contrarian of the day: IBM's Watson 'is a joke,' says Social Capital CEO Palihapitiya https://t.co/4gDL5CbcEG https://t.co/1nXMvayb1b	m0therAI
232	2017-05-12 12:50:12	Totally agree w/ @chamath; @IBM #WatsonisaJoke. When u need J.Koons sculpture in ur lobby (IBM NYC), ur tech can't‚Ä¶ https://t.co/1FnykKkjzp	aqsamurai
233	2017-05-12 13:02:33	IBM's Watson 'is a joke,' says Social Capital CEO Palihapitiya https://t.co/8uuFV73Y3F &lt; he doesn't even know what it's named after üôÑ	blm849
234	2017-05-12 16:14:36	IBM's Watson 'is a joke,' says @chamath https://t.co/McO7dJSa81	darwinl
235	2017-05-12 17:39:54	.@chamath says @IBMWatson is a joke https://t.co/xiGpFEoZco What do you think @TheAdamGabriel? #AI #ArtificialIntelligence	InternetOfSpies
236	2017-05-12 19:16:02	Seems our CEO @rogerschank &amp; @chamath have something in common. #ibmwatson https://t.co/cPfYVWMVGL https://t.co/b9otf5PxI4	SchankAcademy
237	2017-05-13 14:36:26	CEO Smack talk:  IBM's Watson 'is a joke,' says Social Capital CEO Palihapitiya... https://t.co/rDNxgEDdmW	mookieghana
238	2017-05-14 02:15:29	"Quote of the year goes to the Social Capital guy: $IBM 's ""Watson is a joke""."	mydailybeef
239	2017-05-14 14:29:12	@thinkmariya @chamath @IBMWatson I like that comparison. We've watched IBM in this field for I guess +decade now an‚Ä¶ https://t.co/EfgzlUIgZA	mikkokotila
240	2017-05-14 14:20:44	".@chamath isn't only one who says @IBMWatson is a joke. Douglas Hofstadter calls it &amp; Siri ""absolutely vacuous"" https://t.co/96WyMflPhb #AI"	thinkmariya
241	2017-05-14 16:47:21	IBM's Watson 'is a joke,' says Social Capital CEO Palihapitiya https://t.co/gMTn23uFCN @CNBC @socialcapital @IBMWatsonHealth @IBMHealthcare	mHealthIsrael
242	2017-05-14 16:45:24	Noted VC Chamath Palihapitiya says IBM Watson is a joke. Interestingly, IBM feels obliged to respond. https://t.co/dE2PIEKfYK	cccalum
243	2017-05-15 00:27:46	RT @dchou1107: IBM's Watson 'is a joke,' says Social Capital CEO Palihapitiya https://t.co/dHtz0lh28r	b4028465
244	2017-05-15 14:35:45	.@chamath calls @IBMWatson ‚Äúa joke‚Äù #VC #IBMwatson https://t.co/BHB814IMo6	erindietsche
245	2017-05-15 16:19:11	Strong words: Chamath Palihapitiya, CEO and founder of Social Capital, shot down IBM and its Watson platform https://t.co/R1f7mp72Am	JohnOroMD
246	2017-05-15 19:42:26	VC @chamath @socialcapital and @warriors owner calls #IBMWatson ‚Äúa joke‚Äù by @erindietsche @medcitynews  https://t.co/78ZJx1SDl7 #AI	StephLBaum
247	2017-05-15 19:43:24	VC @chamath @socialcapital CEO and @warriors owner calls @IBMWatson ‚Äúa joke‚Äù by @erindietsche   https://t.co/dUSFd7SsAI #AI	medcitynews
248	2017-05-15 23:11:03	IBM‚Äôs Watson ‚Äòis a joke‚Äô, says Social Capital CEO Palihapitiya https://t.co/Ng9wlyfjwb https://t.co/T44JMo9aA6	breizh2008
249	2017-05-16 09:44:00	Joke or not a joke? IBM's Watson 'is a joke,' says Social Capital CEO Palihapitiya https://t.co/hRhWVeUVw0	Digital_Niko
250	2017-05-16 13:26:17	How to slash your credibility; @Chamath IBM's Watson 'is a joke,' says Social Capital CEO Palihapitiya https://t.co/6a1gqlLWUZ	LieneKorsiete
251	2017-05-16 13:23:37	How to slash your credibility; @Palihapitiya IBM's Watson 'is a joke,' says Social Capital CEO Palihapitiya https://t.co/6a1gqlLWUZ	LieneKorsiete
252	2017-05-16 13:21:53	How to slash your credibility; @Palihapitaya IBM's Watson 'is a joke,' says Social Capital CEO Palihapitiya https://t.co/6a1gqlLWUZ	LieneKorsiete
253	2017-05-16 14:01:01	Shots fired -IBM's Watson 'is a joke,' says Social Capital CEO Palihapitiya https://t.co/rdfnOwN1v2	ezetusky
254	2017-05-16 16:02:44	Other than his Watson name mistake, I agree w/ @chamath that IBM Watson is more marketing hype than a real solution https://t.co/gwBNEEEe48	SkipFleshman
255	2017-05-16 17:05:06	"VC @chamath calls @IBMWatson ‚Äúa joke‚Äù https://t.co/HjI8JW6VAW is Watson ""saving lives"" or an invention of IBM marketing?"	lennytafro
256	2017-05-16 22:53:50	"IBM isn't at the forefront of AI, ""Watson is a joke"": @chamath, CEO of @socialcapital says in interview -- https://t.co/YnSFazNwfX"	DataRobot
257	2017-05-17 14:33:01	No, there're too many useful #apps | #IBMWatson 'is a joke,' says Social Capital CEO Palihapitiya | #AI |‚Ä¶ https://t.co/u6khlYwpU9	tweetreinoud
